PC1,PC2,PC3
-0.9285459805560485,-0.8290304818250116,-0.6602939913332411
0.5997720918320114,-0.02772179104945488,-0.8143360384668357
0.16588466683106728,-0.4132168255654178,-0.4536114591233805
-0.4201309978967411,-0.31463542520719473,2.0492039527290404
-0.9285459805560485,-0.8290304818250116,-0.6602939913332411
-0.9984025095881861,-0.9254608365048536,-0.6402294471615778
-1.3211821887250592,-1.0673533649584452,-0.2525156162760234
-1.8635180987861095,-1.833931125246947,-0.7187256296311239
-0.9890465517524099,-0.7138412673085164,-0.12255766692858874
0.0784369172814372,-1.2342803768835011,-0.8381636115914937
-0.7468051033094772,-1.6620487862977105,-2.087873968104085
1.9236608002556776,-1.8219368278054957,1.160978531836908
0.2668207426247856,-0.7516196062456797,0.3490745820988281
12.388027799895891,-4.008825366538942,-0.6444364132442475
-0.3215588051608025,-0.12892221744000487,-0.35124368741303624
0.9334868390333165,-1.5968007339891237,0.6958980688777284
-0.20939330399055867,-0.2275793562501507,0.24754208319677484
-0.2879063844728396,-0.25567993269256845,-0.6635671405081258
-0.9159125142933892,-1.7211993932905656,-0.36904381302650724
-0.6462292935337388,-1.1013531433838093,0.3932646050974284
-0.7659779608601458,-0.9111260728827801,-0.860690383741036
-0.6013849572253834,-0.8729104760930384,-0.3562101549037498
-0.19657547870999603,-0.3023488223796559,-1.328265640310127
-0.12571722447329609,-0.139929978629397,-0.1628310248739499
0.2593451281904078,-1.4237643994073765,-1.0544073337519517
0.6751849210998059,3.9311561781428788,-0.9854343350873631
-0.2668416479873462,-0.2963514993816965,-0.1726967717388299
-0.978258200267218,-0.3789809745150275,0.7851273494970876
0.5787678904389367,4.755390161533251,-0.7102615053613132
0.1488803384295273,0.4682034291379608,0.12448656854490725
11.72901998683912,-3.0336663022670276,-1.6545704921192153
-0.46462037471119433,-0.448018875473931,0.7999052275246388
-2.5990648845755375,-0.7145782470630544,-2.775657600476764
1.4268815968614472,-0.6235280127902824,-0.7026876798050611
-0.607766037094484,-1.0253730467573396,1.1267841399712588
-1.1980980293649637,-0.5793922491370685,-0.6006491171590534
-1.2667335109862758,-0.7194916502238651,-0.496536902073187
-0.0009716504298773465,1.0194814994734398,-0.05906987416711692
1.1444370396989005,0.11201922267974534,-0.8493330348349893
-0.228045220980912,1.4683924217072735,1.857286207973335
-0.6934474826936863,-0.1624171351881832,-0.3944650949980371
-0.8404341441579267,-0.14671034047805903,-0.26887274072965867
-0.3851957375537882,-0.2148600085038937,0.42445605867535313
1.3584672391920494,-1.1604310093571562,-0.2315247848783555
-0.647377886135194,-0.7753785577483281,-0.886576042657912
0.0742258553679781,2.6123145567245785,-1.5427969370066388
0.0742258553679781,2.6123145567245785,-1.5427969370066388
-1.1285418051492564,-1.4169331759049566,-0.7259322741272591
-0.664310459013745,-0.9590341209116751,0.18082836751042836
-0.4740585861774468,-0.7714376458422645,-0.7090556383243152
-0.2884814738551232,-0.51280067727494,0.09708270558517154
0.24991131629131325,-0.3756000848468276,0.5675195834171105
0.3718431074746861,-0.5959066485304017,-1.5807912717154229
-0.4828364254752708,-0.8312255096798711,-1.2358410229398533
0.030058068749591382,-1.1503288726934977,0.5939563642613915
-1.4048698463490923,-1.375053103607351,-0.33109431696608344
-0.19941158216651217,-0.6248788679899295,-0.2201860687901073
-1.0796120614520253,-0.8983817215929897,-0.20411845356586913
-0.8442958311878201,-0.46748145198270963,-0.7723055544955025
2.469303165268412,-1.0398616396434772,1.9040715726700312
-1.4372014347037199,-0.6826537639645401,0.20306031938741917
1.7030189458657614,-0.4798234046766149,1.0825888585479637
-0.9575796862297288,-0.9963904490919404,-0.4646537827995808
-0.512502284180665,-0.4359916701148427,-0.6582392710886135
2.469303165268412,-1.0398616396434772,1.9040715726700312
-1.4372014347037199,-0.6826537639645401,0.20306031938741917
-3.032121171766121,-1.33324570121597,-3.1972690440033857
0.4882498299915944,0.19527981374607134,-1.4440533732965868
-0.6125261725385186,-0.18525540336401658,-0.661269658847248
-0.5206416305078835,-0.7996597627518425,0.2157117588896136
-0.3196063679595183,-0.5373254435260331,-0.03238035059855398
-0.5206416305078835,-0.7996597627518425,0.2157117588896136
-0.6729310725042076,-0.44489834847594967,-0.06861607729761629
-1.1344053419403943,-0.4161065972731682,-0.20301058055163693
-0.6729310725042076,-0.44489834847594967,-0.06861607729761629
18.530654121986267,-5.632381329892941,-1.520072055318226
-0.1680320485342443,-1.2708311103448056,-0.689015407767999
0.8948111042464088,-1.313695735539959,0.35244476349169707
-0.1174421671916358,-0.3244123094813068,-0.016747487540295335
-0.12283619751935931,0.07966730345253942,1.2966611940280495
0.8948111042464088,-1.313695735539959,0.35244476349169707
0.22898149429908843,-0.3347510188282782,0.9953823763613658
-0.6732646055409444,-0.6976987678173402,0.29787715586828817
3.9405136163227388,-2.303768294592257,-1.8163624277564296
1.3405655271580477,-0.8259935551379787,-0.23918868010182118
-0.8352412323089131,-0.07779402575969646,-0.5836392303145937
-0.7123775208508254,-1.1334223976163946,-0.70286297042824
-0.949612631845776,-1.3161611304132859,-1.2287913492468747
-0.8934190569035498,-1.199505150422175,-1.3250813194515403
-1.1739395596975748,-1.0026236107908182,0.3869788528789319
1.5458204449625312,-0.8022978621912101,-0.5691277564113504
-2.460255871947047,-0.154601123369271,-2.093322647914897
-0.3800927832209306,-0.5801257807082253,-0.6619187711427961
0.1895727304686481,-0.9178588746172709,0.13074501472128816
-0.5054078385327391,-0.7133327253155906,-0.17196095654523827
0.1895727304686481,-0.9178588746172709,0.13074501472128816
-2.6574743537925363,-1.0808602532051874,-2.2957664427270226
-1.5076177726724147,-1.218947016601201,-0.27131870018176035
-2.6574743537925363,-1.0808602532051874,-2.2957664427270226
1.4559613582572566,-1.0003267135346587,-0.36229841997619067
-0.7099719716263494,-1.2400492070104097,-2.238167012229066
-0.9675603550757157,-0.3831786397220295,-0.6878899721534789
-0.795839939169952,-0.6474602982732058,0.27991549519737
26.860414236732986,-4.774609452608565,-0.9580003729980742
-0.08831632119743343,-1.122779495089294,-1.2604164353760938
-0.08831632119743343,-1.122779495089294,-1.2604164353760938
0.18186795195547234,4.390392735788944,-1.3740842523638734
0.1458543438170934,4.40739677843076,-1.373759749639653
0.18186795195547234,4.390392735788944,-1.3740842523638734
-1.0845546636806416,-0.4774617934063902,-0.8775091624127518
-0.8109751194825261,-0.8097608963914062,-1.2405273517711148
-0.15343641256630403,-0.9851075978828183,-0.4905293006757998
-0.6577261968447895,-1.7442386027702073,0.7979770348076797
-0.9458470184075913,-1.0911421898784854,-0.19692659105517044
0.5543551531370344,6.926058368563621,-2.0923601017993976
0.5148031008785571,6.774880427754945,-2.0880457762872844
0.4915966504922381,-1.197735718864183,-0.004409075644482834
-0.4709734046138924,-0.6043373435250208,-1.2554232465585895
-1.2769727787997889,-1.25207244549945,-0.6313596567906025
-0.42071662095552387,-0.8723138198691037,-1.2553542839039133
-1.936116007091036,-0.7881768705704464,-0.27844536541154336
-0.8322441503764564,-0.6501184661601169,0.5514886519951716
-1.3877870426288683,-0.7140846434583377,-0.8083321409460755
-0.4239971067476722,-1.5676549271639577,-0.4635767130397386
-0.7347908494217661,-0.7778942159691544,-0.14446529302228764
-0.26263186262229576,-0.39919265260267667,-0.4450189908824752
-1.1983776812502291,-0.06475874170765061,-0.9363305638233655
-0.9315206799388571,0.06501947786938356,0.4924398032975952
-0.9315206799388571,0.06501947786938356,0.4924398032975952
9.10779258872543,-2.6897528916614895,-0.6203019980699259
-0.7678185232581619,-0.014451180106677064,-0.9745767263553768
-0.8948935325214493,-0.9657583246311754,-0.830798287044375
-0.7714867488862964,-0.8842226257461705,-0.8208817937255608
1.0803872490404292,-0.7178786655775509,0.3543410711677833
-0.3966434520689812,-0.5895289538911406,0.11388769436993475
-0.20401663615390025,-0.43859719539179143,-0.13053715868206878
-0.168695731210335,0.9030106408516998,-0.06846539760263948
-1.0042719566844749,-0.7635313571694917,-0.7191626663672012
-0.9772411999469393,-0.391688534100612,0.06033456343408011
-0.9772411999469393,-0.391688534100612,0.06033456343408011
-0.8145537630226076,-0.07478932093876844,-0.5860078805873985
-0.3902184403075233,-0.21816507866108278,2.9409601899968227
-1.9415163454567055,-0.5922608374533547,-1.7454706768899482
-1.475718055613996,-1.1120553747156183,1.948224783782541
-0.30151093596822076,-1.4015326094412504,-0.13906572668718298
0.985717619278739,0.46031392641025787,2.888813453925669
0.985717619278739,0.46031392641025787,2.888813453925669
0.7885243309112612,0.1604748394097268,-0.2364269870752221
-2.2278774483875057,-0.1962820633659564,1.5903921886401784
-0.2069540724852303,0.39420645066388044,-0.5006678525969502
-1.5738524049386284,-0.04808824387141869,-0.36120526323867047
0.27925473270683865,-0.30164916965842187,-0.11794768748689227
-0.19677448925568874,4.648876782455095,-1.031176703248263
0.4706986528031175,-0.8654661709340761,0.13384154873739618
-0.8993824715379963,-0.34479689340880704,-0.19049331548736945
-0.9397920531302595,-0.8847857747412853,-0.3639721461698087
-0.4209708524149471,-0.6199389946543759,-0.009421352031048012
0.49550372029650547,-0.9130279779493371,-0.26211923224250017
-2.0243853418168576,-1.4185072909198881,-0.4185843703389052
-0.2900407558122582,-0.6190986592771375,0.5522151652211603
-0.7826825473148983,0.2925603350736459,-0.5630194282379462
12.779824629189761,-3.6988859508209653,-0.4335158050226447
-2.423417753343807,-1.2228716615055317,-2.112883871790036
-0.8676654945222615,-0.9554780959475799,-0.16301638651499387
0.3458024638356423,0.4374186642725904,0.18199245870887523
-1.1940238508026688,-0.16995976089108095,-0.3445800908604115
0.12074242066516971,-1.1224383390720094,-0.7184477040401124
8.742046989263093,-3.2175582805319802,0.16410928906692065
0.6325493146513775,-0.2696067268835193,2.640260005274538
0.44761714055333,-1.0306614600880406,-0.6209251940399653
0.19128135559923387,0.2713970686676222,4.142993776779942
0.19128135559923387,0.2713970686676222,4.142993776779942
-0.22974416740798748,-0.9020902965072526,-0.3567078472292167
-0.9629239680912205,-0.7907107508248097,-0.7158826290591479
-0.22974416740798748,-0.9020902965072526,-0.3567078472292167
-0.9710757570005961,-0.6857366960696596,2.2223704143810608
-0.9595844738158725,-0.9811790237448523,-0.5525605144543254
0.516233718574766,1.0126804496389696,1.7797708573288271
0.07938498396337579,-0.927284807261247,-0.2418037764444336
-0.42412826893761746,1.219214030286154,-0.5104933464730403
-0.4803616001880979,-0.23604834924728668,1.4998149452947196
-0.8640859412210294,-0.6345089614064789,-1.043093488861232
25.243695736389498,-7.344138745236426,-2.5760016887087285
0.2914759096363204,0.3956391355378533,1.5056954745936706
-0.7071943625439243,-1.0508908718140124,0.3120098607067577
-0.33704402232453345,-0.9171207747598678,-1.2571183929185936
-1.2569361472494738,-1.088274009212012,-0.11475173086939533
-0.6425758011633379,-0.8843798294585064,0.20636923208955024
-0.4150649827986709,0.5158667739390557,3.1107600637345256
0.6880525300280694,1.1055809029925836,-1.1435773501600572
0.005281037190088433,1.569952387081162,0.24122935913228336
-0.32686674637019475,0.5446361952703069,-0.6901909204984045
1.8644296432043599,2.040933980532172,2.151816494486278
0.3373871675864868,1.9739269770669736,-1.0763396525125155
0.3373871675864868,1.9739269770669736,-1.0763396525125155
-0.32686674637019475,0.5446361952703069,-0.6901909204984045
1.8644296432043599,2.040933980532172,2.151816494486278
0.7136200561098284,5.465988768001872,0.8342620248199604
1.1080491425177588,4.279282942091516,-0.009330960142201201
0.118885888300999,1.8583525042967755,2.4033152453659814
13.520391017667903,-2.086399280688162,-1.1230434019790423
1.1080491425177588,4.279282942091516,-0.009330960142201201
1.2691799629727227,1.4043312702395563,0.14575422358686327
1.2691799629727227,1.4043312702395563,0.14575422358686327
-0.17932256777161842,0.0007796709850953487,2.6002928157615304
0.32375057088009385,0.5626472781929457,-0.7180688025841235
0.36708740678106,-0.05134263643467407,0.13796029924368491
1.9515158219082829,1.5031188547381684,1.7729403285999372
0.36708740678106,-0.05134263643467407,0.13796029924368491
0.5112532690756514,0.5198324111974586,1.0524473841889426
0.26309066575009166,-0.5353016915802444,-0.3576919625391199
1.3974367444913631,1.5157665599760775,3.1374408669123803
-0.16742121360341689,0.498036410214761,2.4262987359208235
0.19424647229103853,0.4809239259294102,0.6253867539893259
-0.48747140691623525,-0.8177903130847513,-0.6980656384854841
0.20943834990437304,-0.516125902373166,-0.6759765485014798
-0.23802773648519476,0.02840344093257774,-0.7668524240794974
-0.9675984643086248,-1.0011413034311032,2.3671075294235573
0.29821835019212384,0.07372590252215228,-0.18493020437440547
1.1987127980455257,-0.6742688663971192,0.18986555701253152
-0.46572791558833687,-0.45510348817195795,-0.28150873148435923
6.190798084855464,-1.4500856833622506,0.7671391022604046
6.249868268251952,-1.471604466608852,0.7904858125668548
-0.9118332329560579,-0.47146147915734327,-0.2572626400220704
0.5296809848646667,0.5617535490566814,0.12193961209394705
-0.29550979442509684,1.128389222157807,-0.3900829088936829
-0.049510017884307034,0.1308108049387417,-0.567774275700346
0.20241343142838142,1.245658140365505,0.39376798147906455
0.02471158463513079,0.8641468595374855,-0.07307595152061666
0.6793567065779952,1.550289751314471,0.25212030558019266
2.1891049164193057,11.996113901592262,-0.37641101339630384
2.1891049164193057,11.996113901592262,-0.37641101339630384
2.3799119412976855,1.350074348157501,1.8486872072213703
1.819758922156078,2.5072387374104532,0.9499826403369269
0.3830475923102772,0.6730470171534197,3.3128856706759073
0.590977676717891,-0.8178789566447174,-0.13885142394065364
-0.5336465712192922,-0.05298096086466603,-0.4719277510308906
2.6867538886533384,1.0047248809536358,1.6480955645207753
-1.9607809919560757,-0.6040584180166637,0.7813138191420249
-0.20960231809329355,0.5748871031186409,-0.1622102602199768
0.8870718863508841,0.08799874710321559,3.6599119829726425
1.5689250547083398,-1.2106850831221165,1.6866817269415135
1.5689250547083398,-1.2106850831221165,1.6866817269415135
0.40799422556588794,0.6125546623145197,2.6218408601174157
1.188481456852013,0.9733582446189561,3.3380790835051015
0.6886544322857947,0.47690338364897183,1.2247485050767137
0.7146457804853527,0.036766096570943985,0.3173682404451681
0.16119195986535306,-0.3689422754208987,-0.036169772845302824
2.9417031766798747,3.5407513727858166,2.066603622785525
-1.6388315037941874,-1.3234352068821569,-1.4763349229581646
-0.9571580256703708,-0.3334437942208447,-1.6318108674924483
0.4204097705825812,1.2428765444253993,1.8853308353212745
1.7510367181860875,0.3801785975103042,1.1694953810675293
1.8822551913859744,0.9212295147427241,2.4653154198052682
0.7038974693726011,0.6797331804990794,2.908950824994777
0.615672215047745,-0.7675249820756985,0.08104900575296875
0.3030992608171208,0.20120098835229988,0.489159804689942
-0.2501277326458401,0.5784272906729442,2.574835322008188
-0.14933127772751487,-0.1721447168958996,3.4708557774399917
1.5697611649470389,5.121558225306061,2.4403997770362524
1.5697611649470389,5.121558225306061,2.4403997770362524
0.02090954391465949,0.5650508352984442,2.0615454441417054
-0.1552899022375181,-0.10086023539440203,1.8547018885544746
-1.4683449643717903,-1.006305816400237,1.2143536896727316
-0.7151992486350971,-0.681058106256442,1.2777930693790447
0.5294526368563074,1.1620247049925736,2.292771596586383
-0.1552899022375181,-0.10086023539440203,1.8547018885544746
1.7406089685480124,5.212762708540331,1.5116592875762813
-0.18956934037044265,-0.6261889067243185,1.2679976555220858
-0.003964905358285531,-0.5220530981756257,-0.09549801381309342
-0.01819747928366877,-0.7938507235764763,0.00834479688391971
-2.7736258750582294,-1.516248765125088,-1.9576979439636633
0.9024360980124279,1.2492162614515039,3.4829952847127603
-0.24447169607985014,-0.490346740675759,1.5213338748038912
-0.14239943876493483,3.067581036930828,2.2862187426437326
3.125184248184197,7.246668654312912,-3.7701021691415995
0.4024296742233938,0.49791740315801486,1.7914410367015798
-1.092310032722827,-0.059074024135302494,0.5048788915326476
3.125184248184197,7.246668654312912,-3.7701021691415995
0.4395500717363454,0.7298615730426758,2.266588257064164
0.35224006564083254,0.6500031594578641,1.8792079931241454
-0.5264125551353819,0.29570599548576665,-0.19619983999829435
-0.944361340510596,0.41727516610667686,1.469374642016858
0.8530716173836027,1.0278503054474968,2.2700789760618427
0.20987242093445535,3.3288740217308783,1.7378091640906368
-0.18065853043389113,0.3598769179694861,0.26905521393410886
0.4289123902617339,-1.0497711684974858,-0.6739505634907519
2.003901566426238,5.63628921762228,0.4806608176115006
0.2644929900420606,0.5891530980996247,0.042832387379109355
3.3532170453809966,5.6104001250923545,-0.8712970474703323
1.190860787794212,-0.6026156023724945,1.3416437012922107
-0.31388113188167777,-0.8077706426121206,-1.7119533316609143
1.9220861469433124,-0.7725769507450279,2.2586934890422765
-1.4059345299427397,-0.7846448387227573,-1.368352727600145
-1.8720490336648896,-0.1529638245345828,-1.8520404406055326
-2.372552184381737,-0.3290828484608587,-0.8061651222869157
-0.6357408813377416,-0.17948668000195064,2.4265182147506588
-1.8720490336648896,-0.1529638245345828,-1.8520404406055326
-2.6210143220605966,-0.32367668190014404,-1.3613498117542338
-0.5821976443251545,-0.5761061512748982,0.8283250187775492
-1.0249224555272198,-1.3742303682358128,1.2274109375893374
0.5260263572252643,0.3316591925930717,2.3474254156668914
-0.6357408813377416,-0.17948668000195064,2.4265182147506588
-0.646708923905489,-0.17021250027465407,0.10454857233726639
0.5272915883835182,0.14084414027096454,2.7282626609561853
0.3424265681437467,1.436549089822872,1.8722295606364119
0.5272915883835182,0.14084414027096454,2.7282626609561853
-1.4862866370472412,-0.3091541337617276,-0.3614994731644834
-0.4239329712183476,1.4603588550200706,2.1891362075629615
-1.498262423596625,-1.2849476605029355,0.22897538671329784
0.026109003654063656,0.16612811894725404,3.7998148248500327
1.9362843892811257,2.3904115193567117,4.033253854639084
-2.2628116179434774,-1.3319680025646696,-1.4116038682133396
0.38502815392126233,0.8306314692913352,2.407543644697401
1.8564284344324657,-1.0893990250290715,0.6579511444456777
0.42433359346429345,-0.9077251186334245,0.41329988638559495
0.9220734002368524,0.7776945444719363,2.328651577122055
0.9220734002368524,0.7776945444719363,2.328651577122055
-0.593304877132669,-1.2391249652624372,-0.7409422742200211
0.3295090375975265,0.7117093955558533,2.0464436897744807
-1.6508990682760274,-1.0601762037989608,-0.3833331899366529
1.0015152726052956,3.9200739911137017,1.2366381557422002
0.3370284696029672,-0.3240103199647335,0.5680219502223838
0.6662145162147194,0.4085865244589694,0.040431649295381865
-0.23258857889423784,0.23475091760353278,2.30212878768469
-0.2288900907685139,-0.14741701900891008,0.8041760660722106
0.09566955248094167,0.08392325189551819,0.4281983681841711
0.30806464764604957,-0.2431242836986241,2.969262076850908
-0.6785477136439132,-0.17894549190250625,1.553475879976408
-1.115624302536157,0.18637829245418275,0.5042935403770908
0.5068713047274983,-0.20927841249335763,2.6518410017883034
-1.2608443050786673,-1.6040092066258023,-0.29126105979376077
0.863435781257239,0.6297834663248909,2.88326291752218
-0.11820963330620171,0.09565261740709091,0.7535332785423936
0.5078939337581,0.721817972595949,2.4309096018886054
0.10702287709361791,-0.28007019216083,1.162804514907039
0.2365209667344743,-0.7012248693787966,1.40505157844955
-0.17878213850063013,-0.748753333989598,2.5197772382631802
-0.21235233096954265,0.4262669121088614,0.8426500990522141
3.497510274853849,18.137451289224792,-0.4842415349104907
0.11032319855420247,0.42949638666489137,1.6311596407044133
3.792710908454678,-1.0434582121030813,2.2833583722532316
-1.668067589625557,-0.3234196482389117,1.5082150238522258
-1.7692657508132346,-0.4042058219724646,1.608708737103452
-0.41532901282285684,0.3665029719928628,1.1417822237187356
-1.5313539714635813,0.26627217469244885,0.7888883201613908
-1.5517753704427206,0.40036961823926737,0.8191283517320581
0.2624169293675769,0.996130897375721,-0.15152926864439553
-0.3901110003640559,8.141238495259257,-2.658988919812797
-0.5481096238817831,0.43984638533711024,1.9626389634985166
-0.4272738010954908,-0.754121518362968,0.15103341417510233
0.2585919718432902,0.1358237234493032,-0.7183342504080301
-0.5481096238817831,0.43984638533711024,1.9626389634985166
0.2624169293675769,0.996130897375721,-0.15152926864439553
-0.4272738010954908,-0.754121518362968,0.15103341417510233
1.126945409203905,6.100904561779638,0.6042271173112225
1.126945409203905,6.100904561779638,0.6042271173112225
-0.12203277342936347,-0.7900318000873436,2.373183014783367
-0.31916462504661824,0.8104531590005468,1.55857058235632
-0.2634478920871759,-0.7699492358710596,2.284824407815921
0.30707169020912006,0.04591725675212688,2.2608157499704746
0.5244777372244512,0.995176659426501,2.943286166867695
0.362214931464901,-0.07031660688365421,1.0044633072130467
2.2327473405946288,-0.748381666200524,1.820644597375963
1.171690062726496,-0.2413546521256525,1.696012571308198
1.171690062726496,-0.2413546521256525,1.696012571308198
3.567740163956083,4.928741388950649,-0.59462165239038
1.6056462761413703,2.688927273708022,1.97261343148344
5.593321933362625,-1.7072725251617777,0.9593396069673339
0.45610378395551543,0.34223342489905834,1.224951784002667
0.15161385118316562,0.5051977072117195,0.20234718209217256
0.19343829737262908,0.18676850650687554,0.5265179124852368
0.4952474878561747,-0.08202392036158962,-0.6952578489229402
-0.32548866590382397,0.041376003155760566,1.185179335812734
-0.2888052000918019,-0.4220649738189873,1.3753384617212585
1.0205176692666544,0.6212092607072464,2.2321645207487926
1.0205176692666544,0.6212092607072464,2.2321645207487926
-0.8645012255929615,-0.3402179712350222,1.097493166442306
0.92858541990972,0.35662134495836945,0.9514872615901664
-0.2888052000918019,-0.4220649738189873,1.3753384617212585
-0.32548866590382397,0.041376003155760566,1.185179335812734
-0.22974911147154253,-0.7011363471493071,0.09635844405655616
0.448444521532372,5.254035538642701,2.2494838410466413
1.7246208681609043,3.7278907712677416,1.4309388881447873
1.108004341362447,1.075042291503625,0.26850104591766544
0.30476261461223575,5.4914128287415425,0.7562121741744666
-0.840438261343293,-0.4112515945383626,0.9414737309944711
0.3508237264953904,0.38542497684975546,1.690061450184146
0.27280487208681226,-0.19803547492004347,4.852750095153585
0.7259353693899352,0.4851013598271802,0.5426029506626239
-0.48440827073369297,-0.6757835088170456,0.184154609876262
-0.5102087601488238,0.3887023156422303,2.176965783139279
0.25173806108202934,0.7820991918363382,2.34169719345017
-0.9971058472337758,-0.6927578266762042,-0.5288814150882217
0.5795691379746092,0.44963162788739536,0.8696368243639145
0.6075569963287909,0.3304364553529375,1.060108434313603
-2.6154984558049734,-1.1540677229838767,-2.9683935632623974
1.835982701209256,3.0392061656328435,3.8593359617444953
2.3886453966170254,2.8409184840851722,1.3266920779633977
1.8401832844502817,3.0444698083598616,3.889512569444117
0.8862730785550307,3.080281274882851,2.2015973499500077
-0.14254360943253896,0.9295573132557715,2.4323559304684648
0.829664049510065,0.8985074675542646,0.32094038023547905
0.3206703251902159,0.2877918743086398,-0.01905407194657479
0.8862730785550307,3.080281274882851,2.2015973499500077
-0.14254360943253896,0.9295573132557715,2.4323559304684648
6.6254191499436486,-1.6639775416238847,-0.6443921905054405
7.997519599297734,-1.712141325336129,0.02919213129783886
-0.22593816156393282,-0.8204947695283518,-1.523128417665876
-0.001525323394436895,1.6277616283321676,2.2127590477834915
-0.3632173608950364,0.18310687188470115,1.8623783986540037
0.64278823544222,-0.44487320738199587,0.659730606591873
0.0945166078747176,0.7401983861016506,0.3137638593581101
0.2097209310799547,0.8485423844266498,0.2712565138294886
-1.0277709582160188,0.13642255387407837,1.7796410127930575
0.2860988595964654,-0.022740180154495693,2.4061526703222236
0.2860988595964654,-0.022740180154495693,2.4061526703222236
-0.32751387141293964,-0.39647248962058884,2.9127458502731773
0.8212838636390932,-1.0319045546890135,-0.770938965401327
-2.1594386806732215,-0.9689183151058058,-2.2995695484429515
0.02576342854342939,0.4406292430527801,0.4567814837533411
-1.277580384275996,-0.9431243180414914,-0.8618350981820815
0.02576342854342939,0.4406292430527801,0.4567814837533411
0.9482352947042948,1.586580446055124,1.196952239478793
1.7920613436549204,7.7122201894971765,-1.0921712517400304
-0.9519361998054007,0.04681409993543273,3.182723009397598
-0.6497873070080029,-0.5176771636842835,0.3954006699598826
-0.4142545734385896,0.019808252694965167,-0.40339881386415444
0.7083763234559562,0.5328104706669807,0.15691354665791654
0.4896713221015109,1.224255995478998,0.015597279519046651
2.234105648903394,3.7363563579147536,0.5207128169541498
-0.91837173745299,0.8378025918913079,-1.458704013344569
-0.11225747273049957,0.2678799185013853,0.5526670956821822
0.362233124899747,0.867676556523358,3.4157787117140357
-0.6697778781747985,-0.19180639781890824,-0.5522144787446365
-0.30331557093061734,0.1882364896552265,0.36310477985888684
0.24196129500700048,-0.0681094034309872,2.8138788267966386
0.5389599497560343,-0.08758584712722028,2.5057024582472978
-0.14508336754575996,1.5060681332470627,-0.2609046283512463
-0.06287268562329357,1.4420120662585663,-0.2851731858372459
-0.3767519301306912,-0.650906485816472,1.2014200253631304
2.6459705542858813,3.763866554209086,-1.8893810622949565
0.3980443218751536,-0.5156106163123484,0.4592452824498797
0.3980443218751536,-0.5156106163123484,0.4592452824498797
0.5250024202602456,-0.15218633777310248,0.4103301094942233
1.1087212070244696,-0.5599633256242712,-0.6378008579441535
0.5250024202602456,-0.15218633777310248,0.4103301094942233
1.182971067075195,0.22821222574002625,1.6739185431893215
-0.02985395781363942,0.5886069208270566,-0.5591128951653875
1.2967007601076785,1.3880592442749922,-0.045755729428427476
-0.8237543828179015,-0.44288918124417137,-0.41070054419138347
-1.5220426197761117,-1.3679286828461743,-0.24878290844934722
0.10576802966528298,0.28851265321214475,-0.33993200159559694
-0.029791747659410006,0.1640297970258348,-0.3629938967393889
-0.3082248505401314,-0.5763710584931018,1.7167122530817942
-0.6197648042672153,0.13326434814324578,1.0510320379482847
-0.6197648042672153,0.13326434814324578,1.0510320379482847
-0.6197648042672153,0.13326434814324578,1.0510320379482847
-1.09091961205207,-0.4061822212031307,-0.16954647930475847
-0.9508315633284705,0.5535412367146699,0.3685376230029486
0.761459303126064,8.477301934489128,-2.4251514684850997
1.165219778136691,-0.3336065968249175,2.091408906917987
2.5387952027664835,7.291945304960552,2.181865054589509
-0.195767153919296,0.6698936495441636,1.3812500908103238
-0.5390662902420705,0.1174185003666493,1.1857043450281963
0.4562197484743935,0.8958549865767078,1.041474776375524
1.165219778136691,-0.3336065968249175,2.091408906917987
-0.40988870928017634,-0.8941678107200677,2.831811454940073
-0.861870259065346,-1.5664194981871744,0.4106935007184744
-0.861870259065346,-1.5664194981871744,0.4106935007184744
-0.5216680333304874,-1.1463445405671733,0.42764263774991335
-0.8347612906573738,-1.286001317183662,-0.023734339484663212
-0.1462419732978587,-0.4446385962134124,0.6671840509682007
6.255717648763855,-2.578729587036858,-0.12646099963885582
0.1485391702614527,-0.34994733223126046,2.8864225774538035
0.1485391702614527,-0.34994733223126046,2.8864225774538035
-0.9149126380981903,-1.0703164731798862,0.46255778580122947
-0.9149126380981903,-1.0703164731798862,0.46255778580122947
0.16817556504780573,-0.1959178121793562,2.1879486085917477
-0.37922911548492544,-0.2585285388457185,-0.3155084158957324
-0.36103882287302547,0.45159584467125996,-1.2266793516158638
-0.8228330069180477,1.6474000978461354,1.5266727770156052
0.08898819220336451,-0.5695391464337871,0.014345360481236663
-0.48441507208923684,-0.03759777871707398,0.08454045471287215
-1.4900316213444915,0.31443550510708135,-0.05828795996084365
-0.31733359932966454,0.31184506831006614,-0.40266846751114643
-1.4900316213444915,0.31443550510708135,-0.05828795996084365
-2.8560892057493468,-0.9289982258916516,0.00733976977740243
3.5477114073011915,-1.9374180378324857,0.7606108928754918
0.06869330210679192,0.40160083382969175,-0.3238236886434058
16.43549057695388,-4.623849633504948,-1.0886774529022971
0.1391196937545751,0.7525005383966987,0.0840609225851857
0.10963436041685892,0.6430084454179601,0.06534538781403161
-3.7916469149771306,-1.65283728152112,-2.500300229910405
-1.2720566856997926,-0.5472834671894453,-0.488312121756703
0.3635442092840163,1.2883061817785875,0.3491637971188379
-0.5110056666562801,-0.0587531286656679,2.667639162753197
-0.05231152202554251,1.074332776103144,0.6805256515934973
-1.2720566856997926,-0.5472834671894453,-0.488312121756703
-1.2324190560144244,-0.5750808863713214,-0.5201024680856121
-0.4864956996174639,0.38593102966149245,0.07644300074810437
-0.7435580568129463,-1.1676250054717128,0.5468737713677847
0.2845531553073555,4.951342332621085,-1.2719119984808502
-0.26664694737069317,-1.0640022680563956,-1.0972452849857732
-0.5792023330194658,0.6796123404091237,-0.6101779871866126
-1.120259783525153,0.05344090074928859,-0.28514416869155595
0.11676527059987885,0.8708207445570888,0.8144441421907985
0.633064167778899,0.9548129866168205,0.04862035780853611
-0.3196675863674034,0.4884664949978919,0.2491952549539217
-0.4203308943975089,0.15677847895976188,-0.05197526213238874
-0.525915909453256,-0.6506530616104069,0.27596706751093925
0.11889877260016313,1.7760092130783063,-1.3880358391042704
-0.525915909453256,-0.6506530616104069,0.27596706751093925
0.6511413780061476,0.7642017042124873,0.10584918054332595
-0.5041718591362118,0.04806406161344995,1.4158182158298032
-0.3990215850673026,0.7268348712116148,0.315775023208947
-0.009323871245127457,0.5342153580908819,-0.3120092615481068
-1.3481396034225506,-1.053393357290032,-0.3986374165259695
-1.3481396034225506,-1.053393357290032,-0.3986374165259695
-1.2014645186227157,0.8813396251180321,-2.554648090131242
14.374356178401678,-3.7032562350853433,-1.141817679306111
0.16440891079800968,1.2967180979106556,-0.2803045970206334
-0.20747839044173044,-0.8422456827635334,-0.9377155960933705
-0.29538742230872933,0.33011217560534706,-0.7146122727150287
-0.7558509832738279,-0.5632410881207733,0.023773873000909586
0.8685550979098952,-1.04850577671805,-0.8164608844722668
0.32378224892197405,0.07713907547843357,-0.3320063771903972
0.06286181709085159,-0.052311811977122646,0.047228659531905304
-0.2196140720747244,2.2481457394132818,-0.7014278226794305
-0.20128488003660788,0.6200832854850773,0.044503446796782704
0.857877475546794,0.7885241941306786,1.599506986996686
-0.9767719018838521,-0.5059354696104772,-0.17700026875904376
-0.3564069600814588,0.1707232533590473,0.3771880918548067
-0.9489684346831396,-0.5174466953261359,-0.24326967738611419
-0.9767719018838521,-0.5059354696104772,-0.17700026875904376
0.18108306676610386,0.5367681118246006,-0.2255873293618005
0.4318624281458653,-0.07963109086965364,-0.6549446171795223
0.18108306676610386,0.5367681118246006,-0.2255873293618005
15.789156929134156,-5.123432095799543,-1.3170439141560126
-2.0269739659349284,-0.6570254219003413,-1.3244337517250764
-2.2094581156959014,-0.7156653001471998,-1.9960605611039304
-0.4133153220295949,-0.5243619899159143,-0.4505175797818127
-0.4133153220295949,-0.5243619899159143,-0.4505175797818127
0.36314869983967835,0.24687100539882462,0.12482029397338851
-0.36019866273663337,0.7342569063559425,0.2805641126976405
0.18339198037452853,-0.757398625726311,0.43080887431294906
-1.240650158204347,-0.9853264427398263,0.24061658572115416
0.4071529474183604,0.43600951763489787,0.14296237028731076
0.3675020247357236,0.7484530010284582,0.09753714008393018
0.29826720015881836,0.6163843965980895,0.19668310986786275
-0.5653954686347629,-0.19882448997791052,-1.407927699473551
-0.9215652640972758,-0.8764179999573452,-0.39805071994295066
-0.5653954686347629,-0.19882448997791052,-1.407927699473551
-0.11967174247767515,0.27214931524394964,-0.14695040952906258
-0.13524638286009905,0.15859242086887576,0.05696243677341238
3.368315292391428,-1.9332974842095907,0.25088972097698486
0.4169496238496613,0.14595943973823805,-1.6500355710661845
6.934854966637556,-2.290670515969309,-2.0082751420903677
-0.1477983882922677,1.2894777543694549,0.1757750118947427
-0.6706326052729232,0.26224824006900543,-1.1202130633810155
4.550167016534725,-2.0895321271942318,-1.4032346857567062
0.9421084394528957,-0.709640251433115,-1.3065833112564587
-0.7033192085150585,0.07925018083877494,-1.265456626717323
-0.10743417266920274,0.01711437214313344,1.2024172248541058
-0.25857878810769785,-7.231943285601616e-05,1.0642337104065285
-0.25857878810769785,-7.231943285601616e-05,1.0642337104065285
0.8513911886518392,0.6858922792070801,-0.1424972921227867
-0.12170150362386156,0.23576863896459638,-0.06612387295188155
0.09575740067592542,0.9023754809492617,-0.33155477153541385
-0.45707567982703917,0.03279316290071871,-1.1143167811451393
-1.7736074436357065,0.2648678548580445,-0.29746047389047364
-1.1712241257678553,0.006858860990227755,1.410235571882502
3.0101484874049715,-0.3028077158555812,1.4895871879949452
2.155572484640861,-0.32754562760970213,0.3834281220207527
-2.390628913850562,-0.6757023367542381,1.2970401643170895
0.08705149750263708,1.6276291908061387,0.6926525478571326
-0.8280458289921604,1.2452177110981113,0.16012048868384982
-2.6471819520538524,-1.1199428283219082,-1.8070815336092643
1.288329147798311,-0.41065699785066767,-0.35435936482423525
-0.15195481051240167,0.1674094016674506,0.31385235857924204
-2.484538731431203,-0.4398534012596683,0.9194569414364524
3.654809491245171,-2.018658687534013,-0.2001222522995165
-0.7980165683715769,0.46649261916886803,0.3767631918066323
-1.2194344907284838,0.07216597001194675,-0.3164610152203165
-0.06270761736883518,1.0480291886354554,2.9779470220172506
0.16661703300549802,-1.1302451272857437,-0.704568878838909
1.3434026959233094,0.6672849171067943,2.1570421647064695
0.7832525128692286,1.033248651480082,0.21510305802038865
0.16065978557916738,-1.2583983872679503,-0.7535490966504854
-2.7708950411086115,-0.7765100067132524,-2.4040044231065667
-0.9250477598852564,-0.7471015329177146,-0.8971871538109576
-0.9548734214503116,0.46256545577587443,0.10051350014637381
-2.0437848067257933,-0.1528704398053503,0.3212660779315206
-0.7506387567232492,0.3791676805460317,-0.7048228099106559
-1.6732286813915183,0.0695644426857091,-0.35763009285382097
-1.2777954589701104,-0.8921333816741153,-1.5499556336178455
3.007693977967793,-1.600463204521318,0.961321959835802
-4.157058476549854,0.5019647021984273,-1.2312939112739063
-4.157058476549854,0.5019647021984273,-1.2312939112739063
-0.5859568336052771,-1.0644991447266916,1.6682504817718806
1.177022212351468,0.07981451014202184,-1.6657352652654345
1.8094389889750344,0.03533261464544096,0.521807186482303
-0.09616528214049208,-0.7526810129799757,-0.43918977989421526
-0.7348184372173532,-1.1317834460855296,-0.9705245399763582
-0.7088947100162738,-0.9703436270112489,-0.3794734018923511
-0.7348184372173532,-1.1317834460855296,-0.9705245399763582
-0.23616202898484318,-0.783253795361519,0.981262571707741
-0.23616202898484318,-0.783253795361519,0.981262571707741
-0.5869085515199445,-1.1344936245746802,0.19664895378856628
-0.5869085515199445,-1.1344936245746802,0.19664895378856628
-0.5869085515199445,-1.1344936245746802,0.19664895378856628
-0.6734278799964641,0.060930902088397465,0.21805711985354315
-1.4934251876330291,-0.4703979509970598,2.3844246601981345
-0.6410598878431523,0.34905398915511626,-1.1557489392324563
-1.1126911385727654,0.3761661263855866,0.11896797033258297
-0.6685966342650922,0.08169110786055761,-1.1539305793389145
-0.6728726271149138,0.2274639722171598,-1.157952497672148
-0.7496124376449376,-1.5323882374307654,-1.5043793105694487
-1.3456680119176223,-0.538967408488872,-0.5416899758420469
1.167437413921883,-0.0017850360044500135,0.5057481719594198
-1.6412436848888956,-0.5327140359549417,-1.3353505669681776
-1.333915928495283,-0.526589399680189,-1.1612118980858064
5.211200496082158,-0.6365749020301535,-0.6133862388502009
0.7807303206961359,2.145669563254616,-0.5287065926314133
-0.03303761143320194,0.00913775972389852,0.16550167894198164
-0.17945262197325218,-0.09189129701024867,0.2534770268760025
-1.1069419790228197,-0.0015710135417691395,-1.5933568773451108
2.982232537733699,5.886136225744583,0.02904281990714464
-0.7102107652118786,-0.20966439766522785,-1.1729690886945772
-0.2254800845706108,-0.7045027608376863,1.3761129761652764
-0.7102107652118786,-0.20966439766522785,-1.1729690886945772
-0.6370640921455772,-0.35542519281828855,-1.1463075135751835
-0.7176407863395137,-0.3862337334650043,-1.2167629442966896
-0.5357670647366927,-0.1985048792018215,0.14265641304623602
-0.7176407863395137,-0.3862337334650043,-1.2167629442966896
-0.5357670647366927,-0.1985048792018215,0.14265641304623602
-1.5404281551220573,0.3920382085993365,0.47869095307077125
-0.5737743348861288,-0.21697228352674983,-0.8537285192136622
-0.5737743348861288,-0.21697228352674983,-0.8537285192136622
-0.5709352010636821,4.731317742476885,-1.5550607479117615
-0.1845571969948266,0.0764112520324976,-0.6102525618363829
-1.099192383184196,-0.8081324056420722,-1.5535459145939847
-0.7325911800744758,-0.133844458242508,-1.1776690382089212
2.340003129505618,1.1266642837644896,0.1282492169738764
3.312991605491579,8.519194403243842,-0.2967808238222796
-0.96985689900554,0.7714524658383795,1.041653528246735
-0.5790897183681761,-0.5402044535889449,0.7505224742829685
2.6290397999428343,-2.726410302853255,-2.6591468156469253
1.6666733049223819,8.523162192110362,-1.9314509597221223
-0.29559978288901534,-0.22312180968312706,0.027014665644023668
-0.901993558294558,-0.8886089961223482,-0.4201888420200224
0.191521576624745,-0.22277035801957687,1.0418739510033124
-0.901993558294558,-0.8886089961223482,-0.4201888420200224
-1.4727269344130365,-0.061948335144188515,0.7508655523304617
-1.1335744566822026,-0.39488435414766415,-0.06410769228598917
-0.9777224510486339,0.318480676375326,0.42406212979063207
0.28597369051218213,-0.42706738190461563,0.08324653719373287
-1.4727269344130365,-0.061948335144188515,0.7508655523304617
-0.9870996700656619,1.1403337066118768,0.3714411265302604
-0.9192007852009918,-0.6741471360122406,-0.5161066691042887
-0.6905955145937381,-0.6616567913374671,-0.3850405067120353
-0.8032344689845234,-1.029988116361614,-1.0472017170307306
-1.3806150078319557,0.03865339597570017,0.2677878143655712
-1.5434580185888453,-1.540356526222473,-1.2041701963602889
0.33502624907181344,3.3572820530345373,0.35230540262299626
0.513002233951518,0.2922600692606074,1.1603210144895089
0.38868114590010816,1.551167675623826,0.003950048051760295
1.1211525518497654,2.143031206597852,1.1363654237105085
-0.05245510926614294,-0.8732111205767392,0.3990838302076171
-0.824891408771006,-0.9449367226624701,0.9141599749989856
-0.824891408771006,-0.9449367226624701,0.9141599749989856
-0.05245510926614294,-0.8732111205767392,0.3990838302076171
-1.5495539408904748,-0.2898845315462899,0.7376138255467701
-1.7583764677307983,-0.263987234549234,1.5796176354631932
-0.026019683272238248,-0.9294131543574751,0.8270822167088961
0.9313865769029789,-0.9692629989130122,0.6101187499881494
1.19824206495697,-0.9619703413440261,-1.625092170508125
-1.3763530897240184,-0.6042245733546034,0.7970382224021014
-0.8070148533426936,-1.3964833078291667,0.002843320256499131
1.0411355663030877,-1.2152038349490157,-0.7663947820359198
-1.3763530897240184,-0.6042245733546034,0.7970382224021014
0.4331954041920022,-0.42258724209614995,-0.18528933843879394
-1.0338809798697093,0.06866161362395917,0.2462690966908415
-0.8724318774800508,-0.5628713884210828,1.9951364448696782
0.2354620482046067,4.658805734850116,-0.0715674061299213
-0.461337070526652,-0.42356601335632443,-0.7772190817364644
1.217832744885858,0.21110618503685857,-0.3426428812012696
-1.2804481851488256,1.4836516629859082,-0.628189296880404
-1.1073706093957179,-0.5720967845784805,1.0785066034087538
-0.47690045767863376,-0.7218416917612982,0.5248406246656718
-1.0063138699007435,-0.38810964490262856,-0.9670231341756097
-1.1073706093957179,-0.5720967845784805,1.0785066034087538
-1.6268951142717656,-0.7372256394570533,-0.5477961035271817
-0.775566641643432,-1.0657036028786417,-0.625445459506631
0.09679827797535612,-1.315802906053366,0.04445132081959293
-0.9961300583661081,-1.181516810339672,1.3211058752333125
0.09679827797535612,-1.315802906053366,0.04445132081959293
-0.6007033502111444,-0.5762654130110492,-0.7179113191346782
-0.6007033502111444,-0.5762654130110492,-0.7179113191346782
-0.6625011338962938,-0.6808719480654538,-0.43625710240304355
-2.1050830402520324,-1.2212882062930366,0.9391406260993569
-2.530690238597595,-1.4273875126124975,-1.569682288117174
-1.4927812459322183,-0.458547329700455,-0.04628622949390703
-0.641058820914471,-1.1385673021349796,0.12499749331407375
-1.6805508721130695,-1.1904776479623391,-0.4419640725696893
-1.1714801633820862,-0.4707252494886375,1.0122305807526244
-1.1388065768233981,-0.5581640000510384,1.0387333074424143
1.385460646809296,1.0949029208761387,0.14537702245326628
-1.453519022068833,-1.0915205274047493,0.7296188496216678
-0.16029993130646714,-0.7763850530456617,0.7644876546484574
0.38572832115957634,-0.9011497206638193,-0.7814728400906392
-0.25509159038275303,-1.4469086579071442,-0.7883982343814068
1.1521273781409853,-1.4123627275365005,-0.2911897061413729
-1.0259443018026986,-0.328769341939422,0.6637294533963627
-2.5651151061371373,-1.7976088663916436,0.1042983883506781
-0.9423342144424782,-1.1092318546450437,-0.616983573143005
1.7110151396954287,-0.4715411194261726,1.534234034305202
1.7110151396954287,-0.4715411194261726,1.534234034305202
-1.6196645752895509,-0.5655356507921029,-0.23571843064920103
0.2018488871983769,-0.6187535021846452,0.29444794431246096
-0.4328908764775916,-1.211726015280494,-0.4122904670647423
0.4190022816238347,0.3348791513096903,-0.48599624353490245
-1.590472005830478,-0.8255142035486809,-0.30286322113892067
-1.701263254942695,-0.48646344780974404,-2.0586158830428722
-0.4328908764775916,-1.211726015280494,-0.4122904670647423
0.7076268020563162,1.9490544568242467,-0.7214777903600881
-0.5067300587834888,0.182495859260345,0.1350288577880904
0.009844345355811801,-0.10922892231670756,1.410834267782462
-0.5161589636304916,-0.14014378194411964,-0.40042553806628517
0.6797655350799597,5.0358318441425,-0.618540111696299
0.09244075375922267,-0.4386337424442535,0.33356865402664215
-0.8114675861342392,-1.2803974936591576,-0.3949838966474916
-2.105932415075927,1.1770793690746355,-0.9881606902606925
-1.4866573314669767,-1.5126912838508062,-0.8463139115478745
-0.9119751399580787,-1.033558152052365,-0.8026569837603396
-0.6542194405245696,-0.9965717442179283,-0.7735055503893412
-0.3568173024574699,-1.093863052893829,1.260745925905297
-0.18573818806437714,-0.9733086559779909,1.1387113643320528
15.990053877720703,-5.459558404092031,-0.680294861366441
-1.45575529849256,-0.5308172228046093,-2.274237475909771
-1.0197717813169216,-0.3491719070090722,0.2761821588266043
0.4114353650553436,-0.7233320111175818,0.4423796904383263
1.0210778994748093,1.7342868670026585,0.2826114363962593
1.343163914469649,1.8714311808441724,-0.5167025972477733
0.5500013215904752,0.019051998703529638,0.9051897067776741
1.0210778994748093,1.7342868670026585,0.2826114363962593
-0.4067375871072063,-0.6051954473439982,2.877819095292535
-1.0070710981677564,-0.9207188132286495,1.0310860058407163
0.22204698020174507,-1.1384622101221367,0.36511137707713814
-0.5396215472142506,-0.0005972959532902222,1.5382608596656575
-1.4306686741520538,-0.7994120468978223,-0.26348069123686846
-0.35237551466859524,-0.3056778129640973,-0.1037864045926701
-1.2251182422070896,-0.3881839185204146,-1.0586494029680278
-0.9510983426469908,-0.09769961055941417,2.608225176468465
0.02413916259070814,0.4694388127213189,-0.3785204234316015
-1.4474494710179944,-1.073865144988633,1.4212475638652593
2.299816034800088,7.624905156764828,-1.9446915685836785
0.03913819294192977,0.23840024972577717,-0.15858399173178694
-0.658021453298098,-0.6149659936654204,1.7532835800351403
0.8680985616801625,5.357631104607595,0.24974869401180333
0.007202693384247394,8.721008793997722,-2.119500532878242
0.015888339820555375,8.745408518851418,-2.1685286650414604
-0.9583794569454958,-0.7473791377025254,-0.42805210739765226
-0.6563319533264955,0.1236135407880356,0.21504334243607923
-0.9716961602424585,-0.8195029400992377,-0.6750491352501446
-0.9282022221814853,3.2448776013069573,0.3634865692623448
-1.803565288639568,-1.0854427665941337,0.5322978859365644
0.6209190538987187,-1.1534553713794364,2.346421937750328
0.6209190538987187,-1.1534553713794364,2.346421937750328
-0.1783635923089782,-0.5242086055027924,1.0352324810474371
-0.39301872854164427,-0.8610609282169013,0.21687649940759698
-0.847463609379316,-0.9769927901668587,-0.8352916195200424
-0.3484196360146843,-0.3938193819655158,0.9008876899595895
1.9228885053092752,3.4101349393506606,-1.9753538834391424
1.9228885053092752,3.4101349393506606,-1.9753538834391424
0.11825839742749433,-1.541807357391445,0.7816042851389615
-0.7810585692710358,-0.5047334613036945,0.6069820798623166
-1.1976556703079657,-0.6808253843643708,-0.4731224328029362
-1.1976556703079657,-0.6808253843643708,-0.4731224328029362
-0.9902003491290123,-0.5223537205337552,-0.16059924638477624
-2.4084297257928684,-0.4223655166084754,-0.980475502176716
-0.9289982744967669,-0.6059778075105575,1.1033926084202357
0.2325054268253418,0.9551038472201359,-0.35725133249735747
4.239640070048673,-1.2005502905668717,0.7336637872539955
-1.2282774881340883,-1.5267267273725393,0.4596345211532725
-0.5222734648528723,-1.0899004977131428,-2.216445317789963
-1.8624830133076635,-1.276231827076145,0.5823485579655319
-2.0449265096359324,2.391135103924356,-2.587169698780077
-0.12905618683104336,-0.3277599701249283,-1.0463796144006843
-0.12905618683104336,-0.3277599701249283,-1.0463796144006843
-0.12905618683104336,-0.3277599701249283,-1.0463796144006843
-1.7208814186891352,-0.6933153081097445,-0.7953626696194078
-1.7346952139509364,-0.40331032271833356,-2.013427996910511
-0.7703815127257052,-0.2992455656170218,-0.1865362032283897
-2.55261878984366,-1.5606833200898242,-1.5885841326107357
-1.8605651788721929,-0.8731788389079608,0.96849348612438
-1.110460170533206,0.33359464992445736,-2.217576562982931
0.7437381417797507,0.5249402507623215,0.6851119886918392
-1.503772762548592,-0.528948490564336,1.040679446015612
-0.9529241069777238,-1.1392634852008876,-0.28794441686547223
0.7884478175755579,3.7830141184953137,-1.1502191425434607
-1.5200806187819618,-0.9850091239460701,0.9387799035982436
-1.414899895941224,-0.9493361435840479,0.03675793682432844
-0.21485157996496818,-0.5181161743519965,1.7242993230438215
1.2759719555419369,1.5979685091207072,-0.5769249362651073
-0.4528908188373536,-0.4863424099004265,0.07120802519282822
-0.5809614736030814,-0.9384568800427189,-0.42947516219474974
-0.14725171669978038,0.09048954015622251,0.20360993113926187
-2.4486461180850205,-0.08755010902078086,-0.3043547886131598
-1.332518818192151,-0.927559502016597,-0.021905790246073913
-1.2088908639754614,-0.04724687894055346,-0.6866752014083517
-0.46768794151534554,0.1331836955533951,0.008027053483926856
4.178367815095568,-2.330321646540495,-0.413276144442517
0.26261783740239575,5.222858935659287,0.33179812312127915
-0.38288506511274456,-0.8938463899811501,0.051317809663934524
-1.4766096179909791,-0.38645281242083446,1.383350490260156
-2.4665714300273147,0.1605943053347501,-1.3830759404455262
1.3253528743925225,-0.8673580974605235,0.0001271845328859253
-0.2431900467213131,-0.46456833338125936,0.8175111640506082
1.3253528743925225,-0.8673580974605235,0.0001271845328859253
-0.9035024400768319,-0.6655945547639985,0.16899948565964362
-2.581263705619487,-0.46330417755511905,-1.6354909208799313
-0.6375900766399882,-0.327438321850206,0.7596797330603701
-0.6067816701020539,-1.0674326030259569,0.501005236120175
-0.5391629932628403,0.0833295701179404,0.1350008114339528
-1.1920516527375067,0.32540279000868294,-0.5115376318815753
-0.34714922704876555,-0.5606941258021912,-0.15906664734913536
-1.3481439607419792,-0.9885799716070052,1.5077141445386035
-0.6488893077488028,-0.4257044262743124,1.3011607570383874
-0.6758507143327956,-0.956816939737835,-0.21593233746455973
-0.6758507143327956,-0.956816939737835,-0.21593233746455973
-0.0848403730247857,-0.6595465499956954,-2.2239784851639044
-0.00947540668218294,3.999205635644537,-2.8817760469939397
-2.812579588592997,-0.49284127908377334,-2.384489617435316
-0.44298325621392376,-0.11894183177581408,0.5153410730725775
-1.330732419831913,-1.034206543584943,1.162145928028251
-1.211332671032479,-1.2105907212887028,-0.6035889609711957
-0.5564087239470183,-0.5697370913208666,-1.0105953050548264
-0.5564087239470183,-0.5697370913208666,-1.0105953050548264
-1.0221119664694487,-0.9971096564143198,-0.20244273702963808
0.1932800017123324,2.8955013568559016,0.3219106573240582
3.096258368838404,-1.6581972579120001,-2.387543151198726
-1.3727107790504616,-0.03444884544173271,-0.3743183404329338
0.9708923332050644,-1.4228092464258506,-0.8520032712623731
-0.8870150178461603,-1.0202634914546436,-0.9808289066013649
-1.32272709374908,-1.466432007275592,0.35400749544901067
-1.681319764940341,-0.33094277843888664,0.5528469563727263
-0.5240496062351235,-0.035290354437884086,-0.19192010100914395
-1.32272709374908,-1.466432007275592,0.35400749544901067
-1.4979348887301618,-0.856023032462001,0.3660658461190059
-1.2261590605883197,-0.9480822164254656,0.6207184501754327
2.3263606722819463,4.502023646074055,-0.6250017999316279
-0.7022003313681682,-0.56072423148019,-0.091916134980116
-0.7022003313681682,-0.56072423148019,-0.091916134980116
2.5135429061346852,-1.550644197217424,0.5442291650250768
-0.7022003313681682,-0.56072423148019,-0.091916134980116
-1.0243082590676327,-0.9038800056084215,-0.42821880766516857
-0.8526102854992575,-0.8398531103504703,-0.7749888485288984
-0.8526102854992575,-0.8398531103504703,-0.7749888485288984
-0.42775151843656073,-0.7112712772544747,1.6718915795337361
-0.426892113525024,-0.6046277535288712,0.12596193838857905
-2.194758667811327,-1.1664047706585803,1.109611833942102
2.1853471382002687,-1.2826718181826349,1.2731887016415648
2.1853471382002687,-1.2826718181826349,1.2731887016415648
0.3120437859087871,0.42287644534963914,3.020063805446814
0.40568056967808086,0.40717585334552836,0.6933979027429718
0.06239055534366711,2.180796470335374,-0.6819801924289186
0.8154679426075487,-0.9259341861398833,0.6786315368717842
-2.9709818120312983,-1.0040851216296214,-2.39528569738282
-0.700508467832772,-0.4007904444466963,-0.12607696825656464
-1.027078995630085,0.3329763451618096,-0.020370340207638678
-0.7279422517933395,0.37262800511507405,-1.5358751319946595
-0.700508467832772,-0.4007904444466963,-0.12607696825656464
-2.1652936247539736,-0.5661201921307483,-1.5052526690793735
-1.1046008466187471,-1.102698203709369,0.28374017364444143
-2.1652936247539736,-0.5661201921307483,-1.5052526690793735
-0.5068365142861209,0.000762634804963469,-0.4484523458077213
-1.3947032816709846,2.3743746043392955,-1.6881651437390532
-0.9283827911157597,-0.9668533821637575,-0.49788939956986045
-0.20392406329615753,0.031185298079829726,0.0061967007773950575
-0.6153425891438796,-1.0722476422698657,-0.4692051378726494
-0.48719075561736347,-1.2537651234535707,-0.48572578467607896
-0.7593948045806312,-0.4284176606502736,-1.136769763556231
-0.6463569650297396,-0.32850083098243527,-0.5230912005500653
1.1736731974057841,-1.7136422940938714,-1.0894446709393861
-0.1836150646420282,-1.9263477708054555,-0.4863565174830399
-0.7019798005704333,-0.8807300429594621,-0.5515636467306679
-0.5811472402889545,-0.8683503180865347,-0.6034326380225272
0.5177251812123164,2.99658932629113,-1.103070067168609
1.3855048529335598,-0.4815827875428129,-1.6511785589006058
15.419615870049501,-4.753488782599584,-1.134903599957163
-0.9341037071993293,-1.0978303685539208,-2.2219887321463085
-0.08049980494656905,0.34604529243651455,0.7135712279868724
-1.321218074164126,-0.8106212790796634,0.004035115514610416
-0.6042583531110953,-0.4452527693189263,-0.8074555629197119
-0.6042583531110953,-0.4452527693189263,-0.8074555629197119
-0.585063979005781,-0.03783843397288705,1.866040421002299
-0.729975295500201,-0.6740653595744711,-0.5913426995602254
-2.9080345914642596,-1.402153576356316,-2.4956883821142375
-2.4400371012543576,-0.9934967186864592,-0.6956594207858857
-1.2357145323397476,-1.0750519938432126,-1.799927130981452
-0.9695567911169446,-0.5778335306083072,-0.3865440226056285
0.28944485139368925,-0.9497843398786197,-0.6973166541808881
-0.6416472551021932,-0.10300445861035473,-0.2045598696900435
-0.8367392995659162,5.369117479033222,-0.23844790144180059
0.859780130988889,-1.4742176797669917,-0.7229658077122498
-0.6416472551021932,-0.10300445861035473,-0.2045598696900435
-1.483037383628306,-0.9178785506986202,1.5162558278246456
-0.8130388732126291,-0.8168308107940065,-0.643452461508165
-0.8130388732126291,-0.8168308107940065,-0.643452461508165
-0.4390825832171358,-0.8863645587122893,-0.37234903743080106
0.5636419223634225,0.24950055200349713,-0.03320758080061393
-1.1619751815553643,-0.3441296007969287,-0.7428460538637532
0.1699251221067397,-0.6876846070801372,1.7285928484745108
0.3083313363417487,3.036711000751372,-0.1808933420716245
0.3083313363417487,3.036711000751372,-0.1808933420716245
0.10098183456332632,-1.3244682925607343,-0.7763494911811102
-0.7455545772044444,-0.40860851074271176,-0.1930545373293083
-2.0759153631142127,-0.269592433702761,-1.513807881414416
0.5704578777535608,2.3659363656439822,-2.1496902707409022
-1.6208653740360206,-0.6605530345708055,-0.7950304143059543
-2.1645001525439147,-1.8483753341403286,-1.635593877482692
1.6207113153019632,-1.5967358560376979,-2.5508248136082328
-1.1959952602566948,-0.9229867351858667,-2.544337464510102
0.15976738491761344,-1.082587578757667,-1.7923816321944912
-1.1381283118977774,-0.4565479756907562,1.061758668285396
-0.17796073171270738,-0.3264858610777341,-0.623696570588067
-0.9480594289171225,-0.623789100511459,-0.5458108840259719
0.21131259365486477,0.2415426521972845,0.21014525170925896
-1.1603781548211212,-1.3952652281419682,-0.5182627435057565
-1.4447744359432466,0.48919824623854263,-1.20498704722686
-0.6618275804852485,-0.9621985416880214,-1.0586759831577115
-0.37746788985773505,-0.6351112598073306,-0.43701866401757306
-3.5395120101561983,-1.8692878246435727,-2.9061506872285614
16.195657662200247,-4.987222722741311,-0.7188045005973791
-3.556314343120301,-1.8903423955516452,-3.0268571180270487
-1.7369637642775584,-0.7947779027509724,0.9337457707595965
-1.0031525576439286,-1.2462616045191381,-0.6594850566900281
-1.0031525576439286,-1.2462616045191381,-0.6594850566900281
-1.0031525576439286,-1.2462616045191381,-0.6594850566900281
-1.0031525576439286,-1.2462616045191381,-0.6594850566900281
-1.1546891618421182,-1.0554127945116818,-0.6692882675398101
-0.3929519871168313,-0.5085200808121056,-0.5567964253335659
-0.3929519871168313,-0.5085200808121056,-0.5567964253335659
1.219707510447415,1.5582047449000715,-1.3876066346191491
-0.9573665507080469,-1.0631912968379165,0.6752266155971887
-0.41846614816332106,-0.23306545659459216,0.4252631812599867
3.215518783842176,-1.9657410224027856,-1.525143233837469
-1.3015955879785972,-0.28886536814539876,-1.2941365306002446
-2.218923209128546,-1.523314903351796,-0.9208955005400963
-2.218923209128546,-1.523314903351796,-0.9208955005400963
-2.218923209128546,-1.523314903351796,-0.9208955005400963
-0.7048310747476457,-1.2960987368240884,-0.5573427705217595
-0.7048310747476457,-1.2960987368240884,-0.5573427705217595
-0.7048310747476457,-1.2960987368240884,-0.5573427705217595
-0.7048310747476457,-1.2960987368240884,-0.5573427705217595
-0.19426111708199545,0.547511206620086,2.173638773410393
-1.324814984480843,-0.1042058107998925,0.3696679554149596
-2.140468481589325,-0.6582037792747518,-1.1935270988853697
-1.043833778079711,-1.128761011899538,-0.5986664147961763
-1.5971690509860017,-0.39794177540324044,-1.063020635086058
-0.5133272998401386,-0.8650406321781762,-0.717164105329535
-0.7060736514457856,-1.2887655488868677,-0.7077423180668084
-0.8037782905642957,-1.2797952608568004,-0.6791129826124355
-0.7374541102789388,0.05537032298305394,-1.1515345950326288
4.595684059094152,3.1657098309572356,-2.6297478645744925
0.18919056211709429,-1.3826111159766488,2.2178795819393606
0.15271879765836582,-0.10698742751634033,-0.6344362943991193
0.18919056211709429,-1.3826111159766488,2.2178795819393606
-0.2445574812192951,-1.2365227030561798,-1.181867026851383
-0.12893918481568906,-1.3632074446240308,-0.6062412699387232
0.489233467608143,-0.4836380646976261,0.2595158910140196
-0.5736705919179166,-0.4257361422471201,-0.32729890705522274
15.948496493421052,-5.0834246503370055,-1.3838437843895166
3.525214994281125,-0.33838797474229715,-0.1729191008664107
15.948496493421052,-5.0834246503370055,-1.3838437843895166
-0.5606467202061854,-1.7048865787998366,-0.06951545709430343
-0.8054450421799743,-0.7676448379454115,-0.18366001571569623
-0.6994064871224213,-0.006803735179631953,-0.6739147107177054
-0.6994064871224213,-0.006803735179631953,-0.6739147107177054
-0.5771492072537219,-0.36572859450508066,-0.666904174892499
-0.5771492072537219,-0.36572859450508066,-0.666904174892499
0.613064060945162,-1.2312614627325214,-0.9260741903325065
-0.322483472356075,1.4859139760164188,-0.9210111617484791
0.2256379945353224,-1.3572333919698072,-0.41906983670148906
0.8091160849395197,4.7256325868561655,-1.3429889934212114
-1.6549155246893714,-0.5796035851904896,-1.9282615348783845
0.0847686354020909,-0.4080238847884449,-0.39020950145931005
-1.4753542004055493,-1.8128395570476046,-0.14912959736830345
-0.7575461394206825,-0.5904624534916184,-0.2439784581853832
-0.029654902002817507,-1.4282590983335455,0.42907708196886984
-0.11935707644996624,-1.3956589063255542,0.476906434553208
-0.6088022914321125,-0.5943708208342193,-0.6567132606382755
-1.2200510065584518,-0.5173631055067498,-0.6728273377767686
-0.4934099954498363,-0.247373249964445,-0.9343414507602202
-1.8296487132048926,-0.45843435079255546,0.6178553044462832
-1.090979516657926,-1.1104909343878557,1.2291544519207196
-0.22296096999122178,0.25754907581298175,0.10212709889822225
-0.10898515030681555,3.6996564962671217,0.6903048220623351
-1.3349448304166556,-0.5672024205556199,-1.4918891954181197
-1.713283379508785,-0.010770159400681656,0.50952725955756
-1.3349448304166556,-0.5672024205556199,-1.4918891954181197
-1.1601765623170812,-1.4135164154945563,-1.8660482949415529
-0.980960474114275,-0.2597997878991448,-0.5227375383677753
-0.10898515030681555,3.6996564962671217,0.6903048220623351
1.125394937832942,-0.7897889815964777,1.0519838845282217
-0.08701816930845879,-0.11288421523078429,2.328728460278297
-1.4363961850001634,-1.3653241616754377,-0.6154750148386953
-0.08701816930845879,-0.11288421523078429,2.328728460278297
-1.1897110021561081,0.0875663212811097,-0.13777197127295762
-1.010103227895585,-1.3866772507482423,0.09388311950056671
-0.7216647818395917,-0.14459863950555785,-1.0926017609453438
-1.010103227895585,-1.3866772507482423,0.09388311950056671
-0.7419434450415834,-1.1610362026484446,-0.2082811871641351
-0.574711923539051,-0.5891401775796263,-1.038769450615831
1.8231335406544118,1.200268191863874,-1.713096446940613
-0.6231095767597109,-0.09953170238310655,0.05119016023851747
-1.0320038734747556,-0.6952362247942894,-0.5598808068096913
-1.6638335619674751,0.08651613381865986,0.46328719053534945
-1.3693648394651081,-0.8531208603122663,-0.19079996900913607
-1.071481304480854,-0.3821322883868027,-0.03663060541784854
-1.2408793300226963,-1.101575934692869,-0.46462043462789293
10.489906922390846,16.659540655413494,-2.9677276865483893
4.030345960762297,-1.7778019996995262,0.720504380800351
-0.5224135598035631,3.038052013989046,-1.9901389022022777
-2.3138892537252183,-0.9990964978887242,-0.36805121819358244
-0.9196231168350582,-0.2690501986637681,-1.07688283781481
-2.1256764986692622,-1.1062606269429973,-0.788198562235514
1.1176802483418844,3.6274873696421395,-1.3633692522302847
-0.5721490127307857,-0.9095406137673638,-0.7310305802047244
-1.65671640670885,-0.5653796511229813,0.2869078090734318
-1.4021503704329963,-0.6326933560261573,0.22512049105125037
0.9488741202231364,-0.04195758489327667,0.43624058901225815
-1.5731323921520666,-0.6657472113698213,-1.2671678532489286
-0.3071914048835251,0.12364261629518852,2.5846553359162243
-2.352359874378653,-1.2760233187102488,-1.1909812185718882
-0.8190650935376258,-0.5809644327201356,-0.37718846480780566
-1.3126038460358511,-0.9874344232470116,0.6658159642203081
-1.870784667312536,-0.9877810312778457,0.7996295002839849
-1.7220793123831073,0.10265388227969346,-0.7405822117018204
-1.7836244946197075,-0.6148923574330031,-1.178307835225648
-0.9145915859092884,-0.28008918885886813,-1.0330946940548364
-1.5172723516832147,-0.9424419687467311,-0.8746112502791383
-1.2572898409843696,-0.19054590746773692,-0.019849034257424465
-1.368932404403468,-0.2744613778245871,-1.5426524592500672
-1.2572898409843696,-0.19054590746773692,-0.019849034257424465
-1.4790726806539523,-0.3236963850670269,-0.7555431748863335
-0.37989321524495745,-1.4631602161651336,1.3230283733477324
-1.2015320106760576,1.4237582824713766,-1.731597409702961
-0.5344824009174479,0.27269236753945975,0.23419414338427158
-1.4582491295604614,-1.1895006737208718,-1.3803449749467314
9.542164257932587,14.47537136725499,-2.420854041225198
-2.3901743438387406,-0.47912030916915765,-1.8962552330293105
9.542164257932587,14.47537136725499,-2.420854041225198
-2.3915745510619173,-0.478560941125163,-1.897273187575462
0.44599256457940817,4.161539213935926,-1.487878098546219
1.0370512910220508,0.5039618484258206,0.5500391529451968
-1.1658488980350903,-1.8182285947469536,-1.5818103123802703
1.0370512910220508,0.5039618484258206,0.5500391529451968
-2.5609371053108854,-1.0307088245259017,0.8967670432635932
-0.9780718791443214,-0.656673208119599,-0.5242261235457281
-1.179262144034375,-0.6605657819450821,-0.615351056019131
-1.4658435570050414,-1.0615856436470597,-1.0547951276622585
-2.7336918775305405,-1.2181246482357362,-1.5933937525634723
-2.8877437228145375,-0.7270449221382747,0.14995329010559186
-2.6835756461975215,-1.3237598021877872,-1.3744724416789786
-0.04622552417571496,-0.6616455377949246,-0.6097064066776352
-1.579467512506759,-1.6278735404280487,-0.4709265685332805
-0.6306987223057403,-1.0848978600883183,-0.4282374599508982
-2.0079696780483673,-0.28383479269223116,-0.8864515542852632
-2.0079696780483673,-0.28383479269223116,-0.8864515542852632
0.33818436970087495,2.4621257348431644,-0.8314834670703954
-0.750008172070423,-0.25917398102745204,-0.6512755627911886
0.6258390461591866,-0.675802265466849,0.04070254612891064
-0.9890403999399044,-1.249093296518977,-1.0473971223375942
-1.2958945068025873,-0.8852283218575707,-0.9995032645545949
0.6258390461591866,-0.675802265466849,0.04070254612891064
-0.6337845299133412,-0.37605802419158474,0.643767149974517
-1.509088252213259,-0.9492365429651579,0.6819706846858402
-2.028580760041347,-0.09045930565703525,-0.4063355045592029
-1.1547395597944328,-0.5018947042470661,-0.6205284711909397
-0.14657411062851472,2.243416897020463,-1.2847419944949074
-0.14727421424010395,2.2436965810424607,-1.2852509717679839
-1.373217698821477,-0.687972211341978,-0.8344116683190786
1.108668284852806,-0.8982880291868203,-0.030441512300896235
0.6337662591944307,-0.3429065964172524,-1.305990531327562
-0.7074751509697208,-0.2802073232329406,-0.4050432297804553
-0.8583067896143235,-0.6670041443726762,-0.7939060890424106
-1.3874773464565162,-0.5355580163200682,-0.5108141809838986
-1.3185244289617208,-0.382767485485736,-0.4339799095237673
0.42940044708091485,-0.44625779635392515,0.29540465671331034
-1.463033722493089,-0.3214442761984157,-1.1842525385923788
-1.5638736632470631,-0.5556886663600049,-0.6664955562418694
-0.5426908850659959,0.12067714735968665,-1.5838845946861742
-1.5580971344276984,-0.5548450541929781,0.09324109802019127
-0.761359432047037,-0.5293177276102636,-0.15693042851802477
-1.5388827569913803,-0.2700235042582486,-1.067614112220448
-0.8623298970193968,-0.49439239722844514,-0.5844039405328442
-0.7628107069215899,-0.2957728932495516,-1.606145470514603
-0.6044362562622354,2.4508930747350357,-1.658412670238457
-1.0411117989771008,-0.1399066739617686,1.0298497250516394
-1.7048814000799921,-0.8974463228121583,-0.4245781336326619
-1.1048307361769445,-0.7630215860368881,-0.6382946693369316
0.7190363266296161,-0.48816219763559865,1.7378592027895388
-0.9603336545931678,-1.069429237190783,0.07869065145747275
-0.47723436136933634,-0.36090383790608005,-0.839616577113729
0.7597466182657312,1.2160166224494446,-2.2981415267812872
-0.5643900993920035,-0.45851991185961705,-0.676712748474145
-1.5183738974059557,-1.1440316788156977,-0.517178018770891
-1.4529914735556202,-0.4859181371599649,-1.275345675666321
-1.6036086659704862,-0.14889460337773142,-1.368672167548382
8.283906712456513,4.24996168984879,-3.5295052098233923
-0.48928354681839814,-0.39605123271117476,-0.6261280594099458
-0.48928354681839814,-0.39605123271117476,-0.6261280594099458
-0.48928354681839814,-0.39605123271117476,-0.6261280594099458
-0.9201710885190407,-0.8219812680229378,-0.5039094652544273
-0.9201710885190407,-0.8219812680229378,-0.5039094652544273
-1.5410801831250076,-0.8124533570278498,-0.9121113455200262
-1.4990718386573545,-0.3309511536632851,0.14045066368005146
-0.9201710885190407,-0.8219812680229378,-0.5039094652544273
-0.872868670349535,-1.2340666369031443,-0.5133484558977108
-2.1467963716406695,-0.848888264559901,-1.168393687611863
6.553175998381814,-2.5099324457536136,-1.716475765568096
-2.72650354712852,-0.15555752828621344,-0.4897295085741209
-1.0322444680649572,-0.0832283279852532,-0.947673889453192
-1.0639091911541834,-0.3495889101025466,-1.636500553017362
-1.5328802166164865,-0.33077282406436,0.11322995278425349
-0.4256824438697996,-1.2391565819267998,0.8529924091626965
-0.18948317061987086,3.325195204061138,-2.0406617773391735
0.9674926485938441,-1.647464883054853,-1.0932567602892618
-1.2277599850674172,-0.18086547457199642,-0.177970318800146
-2.2601654829795716,0.05041830676255615,-1.8733649923296596
-0.830870407946445,-0.41153398253585916,-0.9969112048721178
-1.2893893610128335,-0.04349478666169648,-0.05278439304949043
-1.0186486296559019,0.03348732605810201,-0.15899177305125667
-1.6204379433575289,-1.1132339509301115,-1.3991988578516479
-0.88874163961744,-1.2517219976106146,-1.0106429500827931
-0.8335440945504131,-1.6271856032185306,-2.31812599512276
-0.7527406981816189,-0.36478582894156186,-1.0368845236659103
-1.0680856541863992,-0.7848283627744737,-0.6134049752040143
-0.39193871325315854,-0.9749129587717029,-1.6697115137803498
-1.5401760400598792,-0.3549513750779507,-1.5810804321648608
-1.0100477610377991,-0.8232857440543313,-1.6643786326189465
